{"cameraMode":{"drawMode":0,"name":"Shaded","section":"Shading Mode"},"sceneLighting":true,"audioPlay":false,"sceneViewState":{"showFog":true,"showMaterialUpdate":false,"showSkybox":true,"showFlares":true,"showImageEffects":true,"showParticleSystems":true},"in2DMode":false,"pivot":{"x":0.28996413946151736,"y":-2.2253952026367189,"z":2.595752716064453},"rotation":{"x":0.019792120903730394,"y":0.9051141738891602,"z":-0.4225877523422241,"w":0.04239139333367348},"size":23.043777465820314,"orthographic":false}